{"cameraMode":{"drawMode":0,"name":"Shaded","section":"Shading Mode"},"sceneLighting":false,"audioPlay":false,"sceneViewState":{"m_AlwaysRefresh":false,"showFog":true,"showSkybox":false,"showFlares":true,"showImageEffects":true,"showParticleSystems":true,"showVisualEffectGraphs":true,"m_FxEnabled":true},"in2DMode":false,"pivot":{"x":0.003555387258529663,"y":0.02794490195810795,"z":-0.0007318854331970215},"rotation":{"x":0.0021163015626370908,"y":0.9978248476982117,"z":-0.05183199793100357,"w":0.040729641914367679},"size":0.6100869178771973,"orthographic":false}